abdominals,abs,abdomen,abdominal exercises,abdominal training,muscle training,abs training,abs workout
Cardio,Cardiovascular,Cardiovascular training,Cardio training,Heart training,Weight loss,Jogging,cardio workout,cardio training
Combat,Combat workout,Combat training,Combat training
Strength,Strength training,Strength training,Tone,Muscle tone training,Muscle tone training,muscle tone,workout for strenght
Hiit,Hiit training,Interval training workout,High intensity training,High intensity training,High intensity training,high intensity workout
lower part,legs,quadriceps,lower body part,legs,legs workout,lower body workout
Stretching,Stretching workout,Stretching muscles,stretching exercises,stretching exercises,stretching muscles,loosen muscles
arms,training arms,upper part,upper body,upper part of the body,upper body workout,upper body training,arms,arms training
Wellness,Wellness training,Training to feel good,light workout,light training
Yoga,Yoga Training,yoga session
