Biografico,biografia,biografico,biografici
Dibattito,Dibattito,dibattiti
Politica,Politica,Politico,politici
Drammatico,Drammatico,drammatici
Azione,Azione,D'azione
Romantico,Romantico,romantici
Commedia,Commedia,comico,comici
Fantastico,Fantastico,Fantasy,fantastici
Grottesco,Grottesco,grotteschi
Psicologico,Psicologico,psicologici
Thriller,Thriller,thriller
Giudiziario,Giudiziario,giudiziari
Storico,Storico,Storica,storici
Giallo,Giallo,gialli
Calcio,Calcio,Partita di calcio,Campionato di calcio,campionato,Champions league,Europa League,sport,calcistico,calcistici
Cronaca,Cronaca,Informazione,cronache,informazioni
Attualità,Attualità
Guerra,Guerra,guerre
Western,Western,sparatorie
Satira,Satirico,Satira,Humor,satirici
Arte,ArteArtistico,artistici
Documentari,Documentari,documentario
Ospedaliero,Ospedaliero,ospedalieri  
Avventura,Avventura
